<?xml version="1.0" encoding="UTF-8"?>
<project-private xmlns="http://www.netbeans.org/ns/project-private/1">
    <editor-bookmarks xmlns="http://www.netbeans.org/ns/editor-bookmarks/2" lastBookmarkId="0"/>
    <open-files xmlns="http://www.netbeans.org/ns/projectui-open-files/2">
        <group>
            <file>file:/home/lucas/NetBeansProjects/Tamagotchi/src/tamagotchi3/CreationInterface.java</file>
            <file>file:/home/lucas/NetBeansProjects/Tamagotchi/src/tamagotchi3/Tamagotchi3.java</file>
            <file>file:/home/lucas/NetBeansProjects/Tamagotchi/build.xml</file>
        </group>
    </open-files>
</project-private>
